a1_instance	s	#ED7100
access_analyzer	s	#DD344C
action	s	#7AA116
activate	r	#C925D1
actuator	s	#7AA116
ad_connector	s	#DD344C
addon	s	#DD344C
agent	s	#DD344C
agent2	s	#01A88D
alarm	s	#E7157B
alert	s	#232F3D
alexa_enabled_device	s	#7AA116
alexa_for_business	r	#DD344C
alexa_skill	s	#7AA116
all_products	r	#1E262E
ami	s	#ED7100
amplify	r	#DD344C
amplify_aws_amplify_studio	s	#DD344C
analytics	r	#8C4FFF
apache_mxnet_on_aws	r	#01A88D
api_gateway	r	#E7157B
app_config	r	#E7157B
app_mesh	r	#8C4FFF
app_runner	r	#ED7100
app_studio	r	#01A88D
app_wizard	r	#E7157B
appfabric	r	#DD344C
appflow	r	#E7157B
application	s	#ED7100
application_auto_scaling	r	#E7157B
application_composer	r	#C925D1
application_cost_profiler	r	#7AA116
application_discovery_service	r	#01A88D
application_discovery_service_aws_agentless_collector	s	#01A88D
application_discovery_service_aws_discovery_agent	s	#01A88D
application_discovery_service_migration_evaluator_collector	s	#01A88D
application_integration	r	#E7157B
application_load_balancer	s	#8C4FFF
application_recovery_controller	r	#8C4FFF
appstream_20	r	#01A88D
appsync	r	#E7157B
ar_vr	r	#BC1356
archive	s	#7AA116
artifact	r	#DD344C
athena	r	#8C4FFF
athena_data_source_connectors	s	#8C4FFF
attribute	s	#C925D1
attributes	s	#C925D1
audit_manager	r	#DD344C
augmented_ai	r	#01A88D
aurora	r	#C925D1
aurora_instance	s	#C925D1
aurora_instance_alt	s	#C925D1
authenticated_user	s	#232F3D
auto_scaling2	r	#ED7100
auto_scaling3	r	#ED7100
automation	s	#E7157B
autoscaling	r	#E7157B
aws_backup_for_aws_cloudformation	s	#7AA116
aws_backup_legal_hold	s	#7AA116
aws_backup_support_for_amazon_fsx_for_netapp_ontap	s	#7AA116
aws_backup_vault_lock	s	#7AA116
aws_glue_data_quality	s	#8C4FFF
aws_glue_for_ray	s	#8C4FFF
b2b_data_interchange	r	#E7157B
backint_agent	r	#E7157B
backup	r	#7AA116
backup_audit_manager	s	#7AA116
backup_aws_backup_support_for_amazon_s3	s	#7AA116
backup_aws_backup_support_for_vmware_workloads	s	#7AA116
backup_compliance_reporting	s	#7AA116
backup_compute	s	#7AA116
backup_database	s	#7AA116
backup_gateway	s	#7AA116
backup_plan	s	#7AA116
backup_recovery_point_objective	s	#7AA116
backup_recovery_time_objective	s	#7AA116
backup_restore	s	#7AA116
backup_storage	s	#7AA116
backup_vault	s	#7AA116
backup_virtual_machine	s	#7AA116
backup_virtual_machine_monitor	s	#7AA116
bank	s	#7AA116
batch	r	#ED7100
bedrock	r	#01A88D
blockchain	r	#ED7100
blockchain_resource	s	#ED7100
bottlerocket	r	#ED7100
braket	r	#ED7100
braket_chandelier	s	#ED7100
braket_chip	s	#ED7100
braket_embedded_simulator	s	#ED7100
braket_managed_simulator	s	#ED7100
braket_noise_simulator	s	#ED7100
braket_qpu	s	#ED7100
braket_simulator	s	#ED7100
braket_simulator_1	s	#ED7100
braket_simulator_2	s	#ED7100
braket_simulator_3	s	#ED7100
braket_simulator_4	s	#ED7100
braket_state_vector	s	#ED7100
braket_tensor_network	s	#ED7100
bucket	s	#7AA116
bucket_with_objects	s	#7AA116
budgets_2	r	#7AA116
business_application	r	#DD344C
bycicle	s	#7AA116
c4_instance	s	#ED7100
c5_instance	s	#ED7100
c5a	s	#ED7100
c5ad	s	#ED7100
c5d	s	#ED7100
c5n_instance	s	#ED7100
c6g_instance	s	#ED7100
c6gd	s	#ED7100
cache_node	s	#C925D1
cached_volume	s	#7AA116
camera	s	#7AA116
camera2	s	#232F3D
car	s	#7AA116
cart	s	#7AA116
certificate_manager	s	#7AA116
certificate_manager_2	s	#DD344C
certificate_manager_3	r	#DD344C
change_set	s	#E7157B
chat	s	#232F3D
chatbot	r	#E7157B
checklist	s	#E7157B
checklist_cost	s	#E7157B
checklist_fault_tolerant	s	#E7157B
checklist_performance	s	#E7157B
checklist_security	s	#E7157B
chime	r	#DD344C
chime_sdk	r	#DD344C
classic_load_balancer	s	#8C4FFF
clean_rooms	r	#8C4FFF
client	s	#232F3D
client_vpn	r	#8C4FFF
cloud9	r	#C925D1
cloud_control_api	r	#C925D1
cloud_development_kit	r	#C925D1
cloud_digital_interface	s	#ED7100
cloud_directory	r	#8C4FFF
cloud_extension_ros	s	#DD344C
cloud_map	r	#8C4FFF
cloud_wan	r	#8C4FFF
cloud_wan_segment_network	s	#8C4FFF
cloud_wan_transit_gateway_route_table_attachment	s	#8C4FFF
cloud_wan_virtual_pop	s	#8C4FFF
cloudendure_disaster_recovery	r	#7AA116
cloudendure_migration	r	#01A88D
cloudformation	r	#E7157B
cloudfront	r	#8C4FFF
cloudfront_functions	s	#8C4FFF
cloudhsm	r	#DD344C
cloudsearch2	r	#8C4FFF
cloudshell	r	#C925D1
cloudtrail	r	#E7157B
cloudtrail_cloudtrail_lake	s	#E7157B
cloudwatch_2	r	#E7157B
cloudwatch_cross_account_observability	s	#E7157B
cloudwatch_data_protection	s	#E7157B
cloudwatch_evidently	s	#E7157B
cloudwatch_logs	s	#E7157B
cloudwatch_metrics_insights	s	#E7157B
cloudwatch_rum	s	#E7157B
cloudwatch_synthetics	s	#E7157B
cluster	s	#8C4FFF
codeartifact	r	#C925D1
codebuild	r	#C925D1
codecatalyst	r	#C925D1
codecommit	r	#C925D1
codedeploy	r	#C925D1
codeguru	r	#E7157B
codeguru_2	r	#01A88D
codepipeline	r	#C925D1
codestar	r	#C925D1
codewhisperer	r	#01A88D
coffee_pot	s	#7AA116
cognito	r	#DD344C
cold_storage	s	#232F3D
command_line_interface	r	#C925D1
comprehend	r	#01A88D
comprehend_medical	r	#01A88D
compute	r	#ED7100
compute_optimizer	r	#ED7100
config	r	#E7157B
connect	r	#DD344C
connector	s	#7AA116
contact_center	r	#DD344C
container_1	s	#ED7100
container_2	s	#ED7100
container_3	s	#ED7100
container_registry_image	s	#ED7100
containers	r	#ED7100
control_tower	r	#E7157B
corporate_data_center	s	#232F3D
corretto	r	#C925D1
cost_and_usage_report	r	#7AA116
cost_explorer	r	#7AA116
cost_management	r	#7AA116
credentials	s	#232F3D
custom_billing_manager	r	#7AA116
customer_enablement	r	#C925D1
customer_engagement	r	#3334B9
customer_gateway	s	#8C4FFF
d2_instance	s	#ED7100
d3_instance	s	#ED7100
d3en_instance	s	#ED7100
data_encryption_key	s	#DD344C
data_exchange	r	#8C4FFF
data_exchange_for_apis	s	#8C4FFF
data_lake_resource_icon	s	#8C4FFF
data_pipeline	r	#8C4FFF
data_set	s	#7AA116
data_stream	s	#232F3D
data_table	s	#232F3D
data_transfer_terminal	r	#01A88D
database	r	#C925D1
database_migration_service	r	#C925D1
database_migration_workflow_job	s	#C925D1
datasync	r	#01A88D
datasync_discovery	s	#01A88D
datazone	r	#8C4FFF
datazone_business_data_catalog	s	#8C4FFF
datazone_data_portal	s	#8C4FFF
datazone_data_projects	s	#8C4FFF
db_on_instance2	s	#ED7100
deadline_cloud	r	#ED7100
deep_learning_amis	r	#01A88D
deep_learning_containers	r	#01A88D
deepcomposer	r	#01A88D
deeplens	r	#01A88D
deepracer	r	#01A88D
dense_compute_node	s	#8C4FFF
dense_storage_node	s	#8C4FFF
deployment	s	#ED7100
deployments	s	#E7157B
desired_state	s	#7AA116
desktop_and_app_streaming	r	#01A88D
detective	r	#DD344C
developer_tools	r	#C925D1
development_environment	s	#DD344C
device_farm	r	#DD344C
devops_guru	r	#01A88D
devops_guru_insights	s	#01A88D
direct_connect	r	#8C4FFF
directory_service	r	#DD344C
disk	s	#232F3D
distro_for_opentelemetry	r	#E7157B
document	s	#232F3D
documentdb_elastic_clusters	s	#C925D1
documentdb_with_mongodb_compatibility	r	#C925D1
documents	s	#232F3D
documents2	s	#232F3D
documents3	s	#232F3D
door_lock	s	#7AA116
download_distribution	s	#8C4FFF
dynamodb	r	#C925D1
dynamodb_dax	s	#C925D1
dynamodb_standard_access_table_class	s	#C925D1
dynamodb_standard_infrequent_access_table_class	s	#C925D1
dynamodb_stream	s	#C925D1
ec2	r	#ED7100
ec2_aws_microservice_extractor_for_net	s	#ED7100
ec2_c6a_instance	s	#ED7100
ec2_c6gn_instance	s	#ED7100
ec2_c6i_instance	s	#ED7100
ec2_c6in_instance	s	#ED7100
ec2_c7g_instance	s	#ED7100
ec2_c7gn_instance	s	#ED7100
ec2_dl1_instance	s	#ED7100
ec2_g5_instance	s	#ED7100
ec2_g5g_instance	s	#ED7100
ec2_hpc6a_instance	s	#ED7100
ec2_hpc6id_instance	s	#ED7100
ec2_i4i_instance	s	#ED7100
ec2_im4gn_instance	s	#ED7100
ec2_image_builder	r	#ED7100
ec2_inf2_instance	s	#ED7100
ec2_is4gen_instance	s	#ED7100
ec2_m1_mac_instance	s	#ED7100
ec2_m6a_instance	s	#ED7100
ec2_m6i_instance	s	#ED7100
ec2_m6idn_instance	s	#ED7100
ec2_m6in_instance	s	#ED7100
ec2_p4de_instance	s	#ED7100
ec2_r6a_instance	s	#ED7100
ec2_r6i_instance	s	#ED7100
ec2_r6idn_instance	s	#ED7100
ec2_r6in_instance	s	#ED7100
ec2_r7iz_instance	s	#ED7100
ec2_trn1_instance	s	#ED7100
ec2_vt1_instance	s	#ED7100
ec2_x2gd_instance	s	#ED7100
ec2_x2idn_instance	s	#ED7100
ec2_x2iedn_instance	s	#ED7100
ec2_x2iezn_instance	s	#ED7100
echo	s	#7AA116
ecr	r	#ED7100
ecs	r	#ED7100
ecs_anywhere	r	#ED7100
ecs_copilot_cli	s	#ED7100
ecs_service	s	#ED7100
ecs_service_connect	s	#ED7100
ecs_task	s	#ED7100
edge_location	s	#8C4FFF
efs_infrequentaccess	r	#7AA116
efs_standard	r	#7AA116
eks	r	#ED7100
eks_anywhere	r	#ED7100
eks_cloud	r	#ED7100
eks_distro	r	#ED7100
eks_on_outposts	s	#ED7100
elastic_beanstalk	r	#ED7100
elastic_block_store	r	#7AA116
elastic_block_store_amazon_data_lifecycle_manager	s	#7AA116
elastic_block_store_volume_gp3	s	#7AA116
elastic_fabric_adapter	r	#ED7100
elastic_file_system	r	#7AA116
elastic_file_system_elastic_throughput	s	#7AA116
elastic_file_system_infrequent_access	s	#7AA116
elastic_file_system_intelligent_tiering	s	#7AA116
elastic_file_system_one_zone	s	#7AA116
elastic_file_system_one_zone_infrequent_access	s	#7AA116
elastic_file_system_standard	s	#7AA116
elastic_inference_2	r	#01A88D
elastic_ip_address	s	#ED7100
elastic_load_balancing	r	#ED7100
elastic_network_adapter	s	#8C4FFF
elastic_network_interface	s	#8C4FFF
elastic_transcoder	r	#ED7100
elastic_vmware_service	r	#ED7100
elasticache	r	#C925D1
elasticache_for_memcached	s	#C925D1
elasticache_for_redis	s	#C925D1
elasticache_for_valkey	s	#C925D1
elasticsearch_service	r	#8C4FFF
elemental	r	#ED7100
elemental_link	r	#ED7100
elemental_mediaconnect	r	#ED7100
elemental_mediaconvert	r	#ED7100
elemental_medialive	r	#ED7100
elemental_mediapackage	r	#ED7100
elemental_mediastore	r	#ED7100
elemental_mediatailor	r	#ED7100
email	s	#DD344C
email_2	s	#232F3D
email_notification	s	#E7157B
emr	r	#8C4FFF
emr_engine	s	#8C4FFF
emr_engine_mapr_m3	s	#8C4FFF
emr_engine_mapr_m5	s	#8C4FFF
emr_engine_mapr_m7	s	#8C4FFF
encrypted_data	s	#DD344C
end_user_messaging	r	#DD344C
endpoint	s	#E7157B
endpoints	s	#8C4FFF
entity_resolution	r	#8C4FFF
event	s	#E7157B
event_event_based	s	#E7157B
event_resource	s	#E7157B
event_time_based	s	#E7157B
eventbridge	r	#E7157B
eventbridge_custom_event_bus_resource	s	#E7157B
eventbridge_default_event_bus_resource	s	#E7157B
eventbridge_pipes	s	#E7157B
eventbridge_saas_partner_event_bus_resource	s	#E7157B
eventbridge_scheduler	s	#E7157B
eventbridge_schema	s	#E7157B
eventbridge_schema_registry	s	#E7157B
express_workflow	r	#E7157B
external_sdk	s	#232F3D
external_toolkit	s	#232F3D
f1_instance	s	#ED7100
factory	s	#7AA116
fargate	r	#ED7100
fault_injection_simulator	r	#C925D1
file_cache	r	#7AA116
file_cache_hybrid_nfs_linked_datasets	s	#7AA116
file_cache_on_premises_nfs_linked_datasets	s	#7AA116
file_cache_s3_linked_datasets	s	#7AA116
file_gateway	s	#7AA116
file_system	s	#7AA116
filtering_rule	s	#DD344C
finding	s	#DD344C
finspace	r	#8C4FFF
firetv	s	#7AA116
firetv_stick	s	#7AA116
firewall_manager	r	#DD344C
fleet_management	s	#DD344C
flow_logs	s	#8C4FFF
folder	s	#232F3D
folders	s	#232F3D
forecast	r	#01A88D
forums	s	#232F3D
fraud_detector	r	#01A88D
freertos	r	#7AA116
fsx	r	#7AA116
fsx_file_gateway	s	#7AA116
fsx_for_lustre	r	#7AA116
fsx_for_netapp_ontap	r	#7AA116
fsx_for_openzfs	r	#7AA116
fsx_for_windows_file_server	r	#7AA116
g3_instance	s	#ED7100
g4ad_instance	s	#ED7100
g4dn	s	#ED7100
gamekit	r	#8C4FFF
gamelift_2	r	#8C4FFF
gamelift_streams	r	#8C4FFF
games	r	#8C4FFF
gamesparks	r	#8C4FFF
gateway	s	#8C4FFF
gateway_load_balancer	s	#8C4FFF
gear	s	#232F3D
general	r	#1E262E
general_access_points	s	#7AA116
generic	s	#7AA116
generic_application	s	#232F3D
generic_database	s	#232F3D
generic_firewall	s	#232F3D
genomics_cli	r	#ED7100
git_repository	s	#232F3D
glacier	r	#7AA116
glacier_deep_archive	s	#7AA116
global_accelerator	r	#8C4FFF
global_secondary_index	s	#C925D1
globe	s	#232F3D
glue	r	#8C4FFF
glue_crawlers	s	#8C4FFF
glue_data_catalog	s	#8C4FFF
glue_databrew	r	#8C4FFF
glue_elastic_views	r	#8C4FFF
greengrass	r	#7AA116
ground_station	r	#C925D1
guardduty	r	#DD344C
h1_instance	s	#ED7100
habana_gaudi	s	#ED7100
hardware_board	s	#7AA116
hdfs_cluster	s	#8C4FFF
healthimaging	r	#01A88D
healthlake	r	#01A88D
healthscribe	r	#01A88D
high_memory_instance	s	#ED7100
honeycode	r	#DD344C
hosted_zone	s	#8C4FFF
house	s	#7AA116
http2_protocol	s	#7AA116
http_notification	s	#E7157B
http_protocol	s	#7AA116
i2	s	#ED7100
i3_instance	s	#ED7100
i3en	s	#ED7100
identity_access_management_iam_roles_anywhere	s	#DD344C
identity_and_access_management	r	#DD344C
import_export	s	#7AA116
inf1	s	#ED7100
inferentia	s	#ED7100
infrequent_access_storage_class	r	#7AA116
inspector	r	#DD344C
instance2	s	#ED7100
instance_with_cloudwatch2	s	#ED7100
instances	s	#ED7100
instances_2	s	#E7157B
intelligent_tiering	s	#7AA116
interactive_video	r	#ED7100
internet	s	#232F3D
internet_alt1	s	#232F3D
internet_alt2	s	#232F3D
internet_alt22	s	#232F3D
internet_gateway	s	#8C4FFF
internet_of_things	r	#7AA116
inventory	s	#E7157B
iot_1click	r	#7AA116
iot_analytics	r	#7AA116
iot_analytics_channel	s	#7AA116
iot_analytics_data_store	s	#7AA116
iot_analytics_pipeline	s	#7AA116
iot_button	r	#7AA116
iot_core	r	#7AA116
iot_core_device_advisor	s	#7AA116
iot_core_device_location	s	#7AA116
iot_device_defender	r	#7AA116
iot_device_gateway	s	#7AA116
iot_device_jobs_resource	s	#7AA116
iot_device_management	r	#7AA116
iot_device_management_fleet	s	#7AA116
iot_device_tester	s	#7AA116
iot_edukit	r	#7AA116
iot_events	r	#7AA116
iot_expresslink	r	#7AA116
iot_fleetwise	r	#7AA116
iot_greengrass_artifact	s	#7AA116
iot_greengrass_component	s	#7AA116
iot_greengrass_component_machine_learning	s	#7AA116
iot_greengrass_component_nucleus	s	#7AA116
iot_greengrass_component_private	s	#7AA116
iot_greengrass_component_public	s	#7AA116
iot_greengrass_interprocess_communication	s	#7AA116
iot_greengrass_protocol	s	#7AA116
iot_greengrass_recipe	s	#7AA116
iot_greengrass_stream_manager	s	#7AA116
iot_lorawan_protocol	s	#7AA116
iot_over_the_air_update	s	#7AA116
iot_roborunner	r	#7AA116
iot_sailboat	s	#7AA116
iot_sitewise	r	#7AA116
iot_sitewise_asset	s	#7AA116
iot_sitewise_asset_hierarchy	s	#7AA116
iot_sitewise_asset_model	s	#7AA116
iot_sitewise_asset_properties	s	#7AA116
iot_sitewise_data_streams	s	#7AA116
iot_thing_freertos_device	s	#7AA116
iot_thing_humidity_sensor	s	#7AA116
iot_thing_industrial_pc	s	#7AA116
iot_thing_plc	s	#7AA116
iot_thing_relay	s	#7AA116
iot_thing_stacklight	s	#7AA116
iot_thing_temperature_humidity_sensor	s	#7AA116
iot_thing_temperature_sensor	s	#7AA116
iot_thing_temperature_vibration_sensor	s	#7AA116
iot_thing_vibration_sensor	s	#7AA116
iot_things_graph	r	#7AA116
iot_twinmaker	r	#7AA116
iq	r	#C925D1
item	s	#C925D1
items	s	#C925D1
json_script	s	#232F3D
kendra	r	#01A88D
key_management_service	r	#DD344C
key_management_service_external_key_store	s	#DD344C
keyspaces	r	#C925D1
kinesis	r	#8C4FFF
kinesis_data_analytics	r	#8C4FFF
kinesis_data_firehose	r	#8C4FFF
kinesis_data_streams	r	#8C4FFF
kinesis_video_streams	r	#8C4FFF
lake_formation	r	#8C4FFF
lambda	r	#ED7100
lambda_function	s	#ED7100
layers	s	#E7157B
lex	r	#01A88D
license_manager	r	#E7157B
license_manager_application_discovery	s	#E7157B
license_manager_license_blending	s	#E7157B
lightbulb	s	#7AA116
lightsail	r	#ED7100
lightsail_for_research	r	#ED7100
local_zones	r	#ED7100
location_service	r	#DD344C
location_service_geofence	s	#DD344C
location_service_map	s	#DD344C
location_service_place	s	#DD344C
location_service_routes	s	#DD344C
location_service_track	s	#DD344C
logs	s	#232F3D
long_term_security_credential	s	#DD344C
lookout_for_equipment	r	#01A88D
lookout_for_metrics	r	#01A88D
lookout_for_vision	r	#01A88D
lumberyard	r	#8C4FFF
m4_instance	s	#ED7100
m5_instance	s	#ED7100
m5a_instance	s	#ED7100
m5d_instance	s	#ED7100
m5dn_instance	s	#ED7100
m5n_instance	s	#ED7100
m5zn_instance	s	#ED7100
m6g_instance	s	#ED7100
m6gd_instance	s	#ED7100
mac_instance	s	#ED7100
machine_learning	r	#01A88D
macie	r	#DD344C
magnifying_glass_2	s	#232F3D
mainframe_modernization	r	#01A88D
mainframe_modernization_analyzer	s	#01A88D
mainframe_modernization_compiler	s	#01A88D
mainframe_modernization_converter	s	#01A88D
mainframe_modernization_developer	s	#01A88D
mainframe_modernization_runtime	s	#01A88D
maintenance_windows	s	#E7157B
managed_apache_cassandra_service	r	#C925D1
managed_blockchain	r	#ED7100
managed_ms_ad	s	#DD344C
managed_service_for_apache_flink	r	#8C4FFF
managed_service_for_grafana	r	#E7157B
managed_service_for_prometheus	r	#E7157B
managed_services	r	#C925D1
managed_streaming_for_kafka	r	#8C4FFF
managed_workflows_for_apache_airflow	r	#E7157B
management_and_governance	r	#E7157B
management_console	r	#E7157B
management_console2	s	#232F3D
marketplace	r	#1E262E
media_services	r	#ED7100
mediaconnect_gateway	s	#ED7100
medical_emergency	s	#7AA116
memorydb_for_redis	r	#C925D1
mesh	s	#8C4FFF
message	s	#E7157B
metrics	s	#232F3D
mfa_token	s	#DD344C
migration_and_transfer	r	#01A88D
migration_evaluator	r	#01A88D
migration_hub	r	#01A88D
migration_hub_refactor_spaces_applications	s	#01A88D
migration_hub_refactor_spaces_environments	s	#01A88D
migration_hub_refactor_spaces_services	s	#01A88D
mobile	r	#DD344C
mobile_application	r	#E7157B
mobile_client	s	#232F3D
monitoring	s	#E7157B
monitron	r	#01A88D
mq	r	#E7157B
mq_broker	s	#E7157B
mqtt_protocol	s	#7AA116
msk_amazon_msk_connect	s	#8C4FFF
multimedia	s	#232F3D
multiple_volumes_resource	s	#7AA116
namespace	s	#8C4FFF
nat_gateway	s	#8C4FFF
neptune	r	#C925D1
network_access_control_list	s	#8C4FFF
network_firewall	r	#DD344C
network_firewall_endpoints	s	#DD344C
network_load_balancer	s	#8C4FFF
networking_and_content_delivery	r	#8C4FFF
neuron_ml_sdk	r	#01A88D
nice_dcv	r	#ED7100
nice_enginframe	r	#ED7100
nimble_studio	r	#ED7100
nitro_enclaves	r	#ED7100
non_cached_volume	s	#7AA116
notebook	s	#7AA116
nova2	r	#01A88D
object	s	#7AA116
office_building	s	#232F3D
omics	r	#01A88D
one_zone_ia	s	#7AA116
open_3d_engine_2	r	#8C4FFF
opensearch_dashboards	s	#8C4FFF
opensearch_ingestion	s	#8C4FFF
opensearch_observability	s	#8C4FFF
opensearch_service_cluster_administrator_node	s	#8C4FFF
opensearch_service_data_node	s	#8C4FFF
opensearch_service_index	s	#8C4FFF
opensearch_service_traces	s	#8C4FFF
opensearch_service_ultrawarm_node	s	#8C4FFF
opsworks	r	#E7157B
opsworks_apps	s	#E7157B
opsworks_permissions	s	#E7157B
optimized_instance	s	#ED7100
oracle_database_at_aws	r	#C925D1
organizations	r	#E7157B
organizations_account	s	#E7157B
organizations_account2	s	#E7157B
organizations_management_account	s	#E7157B
organizations_management_account2	s	#E7157B
organizations_organizational_unit	s	#DD344C
organizations_organizational_unit2	s	#E7157B
outposts	r	#ED7100
outposts_1u_and_2u_servers	r	#ED7100
outposts_family	r	#ED7100
p2_instance	s	#ED7100
p3_instance	s	#ED7100
p3dn_instance	s	#ED7100
p4_instance	s	#ED7100
p4d_instance	s	#ED7100
panorama	r	#01A88D
parallel_cluster	r	#ED7100
parallel_computing_service	r	#ED7100
parameter_store	s	#E7157B
patch_manager	s	#E7157B
payment_cryptography	r	#DD344C
peering	s	#8C4FFF
permissions	s	#DD344C
personal_health_dashboard	r	#E7157B
personalize	r	#01A88D
pinpoint	r	#DD344C
pinpoint_journey	s	#DD344C
police_emergency	s	#7AA116
policy	s	#7AA116
polly	r	#01A88D
private_5g	r	#8C4FFF
private_certificate_authority	r	#DD344C
professional_services	r	#C925D1
programming_language	s	#232F3D
proton	r	#E7157B
q	r	#01A88D
quantum_ledger_database	r	#ED7100
quantum_technologies	r	#ED7100
question	s	#232F3D
queue	s	#E7157B
quicksight	r	#8C4FFF
quicksight_paginated_reports	s	#8C4FFF
r4_instance	s	#ED7100
r5_instance	s	#ED7100
r5a_instance	s	#ED7100
r5ad_instance	s	#ED7100
r5b_instance	s	#ED7100
r5d_instance	s	#ED7100
r5gd_instance	s	#ED7100
r5n_instance	s	#ED7100
r6g_instance	s	#ED7100
rdn_instance	s	#ED7100
rds	r	#C925D1
rds_blue_green_deployments	s	#C925D1
rds_instance	s	#C925D1
rds_instance_alt	s	#C925D1
rds_mariadb_instance	s	#C925D1
rds_mariadb_instance_alt	s	#C925D1
rds_multi_az	s	#C925D1
rds_multi_az_db_cluster	s	#C925D1
rds_mysql_instance	s	#C925D1
rds_mysql_instance_alt	s	#C925D1
rds_on_vmware	r	#C925D1
rds_optimized_writes	s	#C925D1
rds_oracle_instance	s	#C925D1
rds_oracle_instance_alt	s	#C925D1
rds_piops	s	#C925D1
rds_postgresql_instance	s	#C925D1
rds_postgresql_instance_alt	s	#C925D1
rds_proxy	s	#C925D1
rds_proxy_alt	s	#C925D1
rds_sql_server_instance	s	#C925D1
rds_sql_server_instance_alt	s	#C925D1
rds_trusted_language_extensions_for_postgresql	s	#C925D1
recover	s	#232F3D
red_hat_openshift	r	#ED7100
redshift	r	#8C4FFF
redshift_auto_copy	s	#8C4FFF
redshift_data_sharing_governance	s	#8C4FFF
redshift_ml	s	#8C4FFF
redshift_query_editor_v20_light	s	#8C4FFF
redshift_ra3	s	#8C4FFF
redshift_streaming_ingestion	s	#8C4FFF
registry	s	#ED7100
rekognition_2	r	#01A88D
rekognition_image	s	#01A88D
rekognition_video	s	#01A88D
replication	s	#7AA116
replication_time_control	s	#7AA116
reported_state	s	#7AA116
repost	r	#C925D1
repost_private	r	#C925D1
rescue	s	#ED7100
reserved_instance_reporting	r	#7AA116
resilience_hub	r	#E7157B
resource	s	#8C4FFF
resource_access_manager	r	#DD344C
resource_explorer	r	#E7157B
resources	s	#E7157B
robomaker	r	#DD344C
robotics	r	#DD344C
role	s	#DD344C
route_53	r	#8C4FFF
route_53_application_recovery_controller	s	#8C4FFF
route_53_readiness_checks	s	#8C4FFF
route_53_resolver	s	#8C4FFF
route_53_resolver_dns_firewall	s	#8C4FFF
route_53_resolver_query_logging	s	#8C4FFF
route_53_routing_controls	s	#8C4FFF
route_table	s	#8C4FFF
router	s	#8C4FFF
rule	s	#7AA116
rule_2	s	#E7157B
rule_3	s	#E7157B
run_command	s	#E7157B
s3	r	#7AA116
s3_batch_operations	s	#7AA116
s3_express_one_zone	s	#7AA116
s3_file_gateway	s	#7AA116
s3_multi_region_access_points	s	#7AA116
s3_object_lambda	s	#7AA116
s3_object_lambda_access_points	s	#7AA116
s3_object_lock	s	#7AA116
s3_on_outposts	s	#7AA116
s3_on_outposts_storage	r	#7AA116
s3_select	s	#7AA116
s3_storage_lens	s	#7AA116
s3_tables	s	#7AA116
s3_vectors	s	#7AA116
sagemaker	r	#01A88D
sagemaker_2	r	#8C4FFF
sagemaker_canvas	s	#01A88D
sagemaker_geospatial_ml	s	#01A88D
sagemaker_ground_truth	r	#01A88D
sagemaker_model	s	#01A88D
sagemaker_notebook	s	#01A88D
sagemaker_shadow_testing	s	#01A88D
sagemaker_studio_lab	r	#01A88D
sagemaker_train	s	#01A88D
saml_token	s	#232F3D
satellite	r	#C925D1
savings_plans	r	#7AA116
search_documents	s	#8C4FFF
secrets_manager	r	#DD344C
security_hub	r	#DD344C
security_identity_and_compliance	r	#DD344C
security_incident_response	r	#DD344C
security_lake	r	#DD344C
sensor	s	#7AA116
server_migration_service	r	#01A88D
serverless	r	#8C4FFF
serverless_application_repository	r	#ED7100
servers	s	#232F3D
service	s	#8C4FFF
service_catalog	r	#E7157B
service_management_connector	r	#E7157B
servo	s	#7AA116
shadow	s	#7AA116
shield	r	#DD344C
shield2	s	#232F3D
shield_shield_advanced	s	#E7157B
signer	r	#DD344C
simple_ad	s	#DD344C
simple_email_service	r	#DD344C
simple_storage_service_directory_bucket	s	#7AA116
simple_storage_service_s3_glacier_instant_retrieval	s	#7AA116
simspace_weaver	r	#ED7100
simulation	s	#DD344C
simulator	s	#7AA116
single_sign_on	r	#DD344C
site_to_site_vpn	r	#8C4FFF
snapshot	s	#7AA116
snowball	r	#01A88D
snowball_edge	r	#01A88D
snowcone	r	#7AA116
snowmobile	r	#01A88D
sns	r	#E7157B
source_code	s	#232F3D
spot_instance	s	#ED7100
sql_workbench	r	#8C4FFF
sqs	r	#E7157B
ssl_padlock	s	#232F3D
stack	s	#E7157B
stack2	s	#E7157B
standard_ia	s	#7AA116
state_manager	s	#E7157B
step_functions	r	#E7157B
storage	r	#7AA116
storage_gateway	r	#7AA116
streaming_distribution	s	#8C4FFF
sts	s	#DD344C
sts_alternate	s	#DD344C
sumerian	r	#BC1356
supply_chain	r	#DD344C
support	r	#C925D1
systems_manager	r	#E7157B
systems_manager_application_manager	s	#E7157B
systems_manager_change_calendar	s	#E7157B
systems_manager_change_manager	s	#E7157B
systems_manager_compliance	s	#E7157B
systems_manager_distributor	s	#E7157B
systems_manager_incident_manager	r	#E7157B
systems_manager_opscenter	s	#E7157B
systems_manager_session_manager	s	#E7157B
t2_instance	s	#ED7100
t3_instance	s	#ED7100
t3a_instance	s	#ED7100
t4g_instance	s	#ED7100
table	s	#C925D1
tape_gateway	s	#7AA116
tape_storage	s	#232F3D
telco_network_builder	r	#E7157B
template	s	#E7157B
temporary_security_credential	s	#DD344C
tensorflow_on_aws	r	#01A88D
textract	r	#01A88D
textract_analyze_lending	s	#01A88D
thermostat	s	#7AA116
thinkbox_deadline	r	#ED7100
thinkbox_draft	r	#ED7100
thinkbox_frost	r	#ED7100
thinkbox_krakatoa	r	#ED7100
thinkbox_sequoia	r	#ED7100
thinkbox_stoke	r	#ED7100
thinkbox_xmesh	r	#ED7100
timestream	r	#C925D1
tools_and_sdks	r	#C925D1
topic	s	#E7157B
topic_2	s	#7AA116
torchserve	r	#01A88D
traditional_server	s	#232F3D
training_certification	r	#C925D1
trainium_instance	s	#ED7100
transcribe	r	#01A88D
transfer_family	r	#01A88D
transfer_family_aws_as2	s	#01A88D
transfer_for_ftp_resource	s	#01A88D
transfer_for_ftps_resource	s	#01A88D
transfer_for_sftp	r	#01A88D
transfer_for_sftp_resource	s	#01A88D
transform	r	#01A88D
transit_gateway	r	#8C4FFF
transit_gateway_attachment	s	#8C4FFF
translate	r	#01A88D
travel	s	#7AA116
trusted_advisor	r	#E7157B
user	s	#232F3D
user_notifications	r	#E7157B
users	s	#232F3D
utility	s	#7AA116
vault	s	#7AA116
verified_access	r	#8C4FFF
verified_permissions	r	#DD344C
virtual_gateway	s	#8C4FFF
virtual_node	s	#8C4FFF
virtual_router	s	#8C4FFF
virtual_service	s	#8C4FFF
virtual_tape_library	s	#7AA116
vmware_cloud_on_aws	r	#ED7100
volume	s	#7AA116
volume_gateway	s	#7AA116
vpc	r	#8C4FFF
vpc_access_points	s	#7AA116
vpc_carrier_gateway	s	#8C4FFF
vpc_lattice	r	#8C4FFF
vpc_network_access_analyzer	s	#8C4FFF
vpc_privatelink	r	#8C4FFF
vpc_reachability_analyzer	s	#8C4FFF
vpc_traffic_mirroring	s	#8C4FFF
vpc_virtual_private_cloud_vpc	s	#8C4FFF
vpn_connection	s	#8C4FFF
vpn_gateway	s	#8C4FFF
waf	r	#DD344C
waf_bad_bot	s	#DD344C
waf_bot	s	#DD344C
waf_bot_control	s	#DD344C
waf_labels	s	#DD344C
waf_managed_rule	s	#DD344C
waf_rule	s	#DD344C
wavelength	r	#ED7100
well_architect_tool	r	#E7157B
wickr	r	#DD344C
windfarm	s	#7AA116
workdocs	r	#DD344C
worklink	r	#01A88D
workmail	r	#DD344C
workspaces	r	#01A88D
workspaces_family	r	#01A88D
workspaces_family_amazon_workspaces	s	#01A88D
workspaces_family_amazon_workspaces_core	s	#01A88D
workspaces_thin_client	r	#01A88D
workspaces_workspaces_web	s	#01A88D
x1_instance2	s	#ED7100
x1e_instance	s	#ED7100
xray	r	#C925D1
z1d_instance	s	#ED7100
